id,"text",timeStamp,location,followers,friends,statuses
37679,"Running out to work :) #myjob #selfie #me #me #businesscasual #womensfashion #blackdress #bodycon #hotmess # http://t.co/edo7xwTI",0,0,141,369,1798
37919,"Photo: Left hand on the steering wheel, right hand on that üôÄ #selfie #ineedzanap #golfcartsmizzbreak... http://t.co/BECX4kyK",1,1,236,320,4911
0,"This is amazing! Send us an email so we can send u gear! RT @riesespiecess: costume of the year award #snapchat #selfie http://t.co/X5G0Tqdj",2,2,325138,51,1942
38625,"Happy Thanksgiving, y'all. #selfie #favoriteshirt http://t.co/LSHQxMXj",3,3,79,243,1026
39016,"My hair is getting more curly :) #brunette #smile #girl #selfie #longhairdontcare #carpic #picoftheday http://t.co/tJzdlFD2",4,4,184,256,3752
37689,"#selfie http://t.co/1u7WZm76",5,5,1225,347,2129
6760,"#picoftheday #selfie #blueeyes #love #smile http://t.co/10ccjd7K",6,6,170,190,968
38311,"#smile #dayfive #marchphotoaday #selfie http://t.co/qvqFDYkvcK",7,7,126,329,2480
38379,"#juicypinup #selfie #modeling http://t.co/pJuLEoi4mT",8,8,634,632,3212
39329,"Not a fan of #selfies but hey why not üëª http://t.co/799gnr8QCg",9,9,88,202,1936
7970,"I'm just saying if you have over 500 pics on Instagram and more than half of em are #selfies  you have a serious problem.",10,10,212,434,3108
38621,"#selfie before work! Come see me tewnight err body! http://t.co/BCUQmI5Bd4",11,11,259,157,2096
4107,"Bored in Seminole hard rock casino. #selfies #hardrock #seminolehardeock http://t.co/YxAvEFiV8w",12,10,123,492,4106
38950,"Are we gym rats? @fitfunfab_steph #workoutbuddy #selfies #fitness #beastmode #equinox @ Equinox http://t.co/ieTSH3ffHN",13,13,505,807,1391
39194,"#selfie #bathroom #magiccastle :) http://t.co/6eMi7VrA4d",14,14,9024,9635,5790
37729,"Oh god I got beer on my sunglasses. #smellyeyes #baseball #ohgodigotbeeronmysunglasses #selfie",15,15,1432,369,5316
37846,"#selfiesaturday http://t.co/5cgH6C0GZI",16,16,95032,89,7472
38548,"#selfie bc bored &amp; single on humpday http://t.co/uKz60Vv4Qr",17,17,745,1983,7428
37807,"Do you have a #selfie with an #HerbalifeShake? We want to see it! Tweet us your pics and you could be featured on our social accounts!",18,18,230885,469,5365
6137,"RT @lights: Why do I feel guilty every time I take a selfie? What is this feel. #selfieguilt",19,10,50,170,1592
39546,"The deepest V in the land! RT @SKAMARTIST: Sexy #selfie with @djfive ? http://t.co/DJ0oWUcEs2",20,11,391,155,3105
37918,"RT @KENNETHGmusic: Doing a special back 2 back set with @Bassjackers tonight! KGB in full effect. #duckface #selfie - #laminaat #nu #aub",21,21,173376,159,10639
2113,"New hat #selfie #ttu http://t.co/CpATsJrUfz",22,22,108,336,811
38505,"Time to run some errands! #selfie #lazyday #sleepy #getshitdone http://t.co/w1laZ0yNeb",23,23,260,717,963
4293,"#whitedress #glasses #selfie #hotness http://t.co/BeYp0lPDoh",24,24,427,604,3430
5693,"Woo! It's October! &lt;3 #octoberphotochallenge #day1 #selfie #yayitsfinallyoctober! #imobviouslyexcited :) http://t.co/pUIzci9Krc",25,10,133,267,1589
38470,"Bath Salts are scary 25 self-portraits drawn on 25 different drugs http://t.co/B0mBy8pgwP #selfie #selfportraits #art",26,26,335,346,2433
7878,"#cheerful #girl #justshootthebrezee #selfie #happy #cute http://t.co/aENq5GI1MT",27,27,402,585,1092
39117,"Tweek shift #selfie coffee, you're my only friend http://t.co/YX34Hu9k8X",28,28,111,138,1795
2858,"I've not been on this for months! My life has been so busy! I'd like to announce that I have a son on the way. #rhyl #facebook #selfie",29,29,56,42,3505
39840,"RT @socialmedia2day: The #Selfie Phenomenon [#INFOGRAPHIC] via @shilpiagarwal01 http://t.co/sqc2K67eWK",30,10,456,1030,1639
37840," #Selfienation lays no claims to immortality. It only wants the most love and control in a moment. ",31,31,4800,838,9912
1470,"Ya baje Shots of Me. Cuando esto sea famoso en GT (como en 1 a√±o) podre decir que lo tenia desde hace uuuu #Selfie #Hipster",32,32,343,596,15433
38748,"#LaJovenDeLaPerla #MuchachaConTurbante #LaMonaLisaHolandesa #LaMonaLisaDelNorte #selfie http://t.co/pDg852Cex4",33,33,275,862,9007
37791,"RT @BuzzFeed: This is the first recorded use of #Selfie On @Instagram http://t.co/rHV9IFB7M9",34,10,34459519,17,5302
4334,"RT @DJFrankMarvel: @djjohnnygroove and @djfrankmarvel  #vive #selfie #itsallaboutus #dontmindus #dj #djs #hardhouse‚Ä¶ http://t.co/uHAWtza9IR",35,35,3790,176,6062
39039,"#selfie at a gentlemen's club, revisiting my past life but not indulging. Trying out some self-control http://t.co/4aMRlCHCTt",36,36,157,156,1999
37956,"@AaronMSanchez take a #selfie holding a piece of paper that says  I love CES ",37,37,86059,2499,9284
39187,"RT @DayelOstraco: @thomasjoyner @glass @google @SPARCedge Duckface #selfie with Glass. Not to be put on @SPARCedge website or backdrop. htt‚Ä¶",38,38,331,757,413
39785,"#roycegracie #bjj #selfie http://t.co/XAi3DHzedD",39,1,278,591,2042
37683,"RT @emilychangtv: Everybody's doing it. #selfie with @ericries http://t.co/3gW1oiqLL2",40,40,179112,725,23472
38670,"fresh cutz #selfiesaturday @ Surry Hills http://t.co/VIAAty4pq9",41,7,205,411,1187
39674,"Work #selfie http://t.co/GdWRSAmpxE",42,42,286,549,8701
4558,"RT @ElleWaters03: @MarcKinchen #selfie ‚úåÔ∏è http://t.co/F4Avu1PINL",43,43,88245,2496,12683
39475,"1 - 2 bathroom selfie for the new year #shlew #newyear #houseparty #selfies ## Extraturnt http://t.co/ZL60kynccK",44,44,321,424,1188
37915,"#selfie @ Chair 10: Mammoth Mountain (Gold Rush) http://t.co/8ABLZ46bep",45,7,21432,763,6174
37845,"Restaurant chains using selfies in marketing: http://t.co/qhuO2P5y2q -  via @NRNonline #SelfieGame #SelfieOlympics",46,46,5397,445,24130
37960,"Former @HBO Funny Or Die Presents host Steve Tom with the first #selfie of the night http://t.co/QmlsOd54eI",47,47,8207486,4573,13215
39218,"#selfie #keystonevacay @ River Run Village http://t.co/AWWYWTfp5D",48,48,194,488,1093
38891,"Happens on a regular basis. #selfie #TooShort #ShortPeopleProblems http://t.co/JB4Hpa78Lp",49,49,242,1276,3832
5687,"‚ò∫Ô∏èüíï #selfie http://t.co/hCzCO4qAMA",50,50,285,152,3278
39308,"RT @Dove: #BeautyIs being strong and brave and happy with yourself. #Sundance #Selfie",51,51,99,153,419
38817,"#cheers to the #selfiecam http://t.co/7OHc4ez5uK",52,10,92,147,2277
38679,"Off to love the birthday girl @_Ashiebabie_ üíïüòä #selfie #bowler #fashionblogger #birthday http://t.co/reY7mrhIGV",53,53,193,166,2470
7248,"RT @CelestaDeastis: #Selfie http://t.co/NdaB7TYHlA",54,10,302,204,3896
39295,"Damn, #selfieolympics champion http://t.co/lPQYez53zb",55,7,163,230,776
38737,"Coordination of the body, mind, and spiritüôè #contrology #pilates #health #fitness #selfieeeee‚Ä¶ http://t.co/tayVzfgG10",56,56,117,418,748
37834,"Congrats to our friends @TheChainsmokers on their new song #SELFIE, you may see some guys you recognize in the vid  - http://t.co/QOjDiQ0vXK",57,1,20741,59,1663
38979,"#selfiesunday http://t.co/TgHkok4FHt",58,7,113,215,733
38668,"Goodmorning and a Happy Valentine's Day to ya from the dumpling girl. #workgrind #coffee #selfie @ The‚Ä¶ http://t.co/C5bLP6EAMe",59,10,56,62,3171
37872,"RT @TheChainsmokers: 1,000,000 strong :) Thank You! #SELFIE http://t.co/PmzudyJhq6",60,60,295,177,1901
37832,"Tired of only using your face in #selfies? @FallonTonight's bringing full-bodied shots mainstream: http://t.co/GHuhKJR5D8 #22DaysofInvention",61,61,253228,15513,76137
37892,"PULLMAN #SOLDOUT #selfie http://t.co/oKS3FlzvQl",62,62,104336,546,16794
37866,"#selfies are the culprit behind a massive out break of lice! LOL http://t.co/A7PG0CjVIa",63,53,617,521,1385
37848,"RT @WillieLit: #selfies are the culprit behind a massive out break of lice! LOL http://t.co/A7PG0CjVIa",64,2,13531,40,538
38196,"RT @SteveLeVineEnt: But first..let @sleprez take a #SELFIE! Tix to @TheChainsmokers at http://t.co/X46batlLQT http://t.co/LMxToaE3HZ",65,65,2603,1649,2854
39773,"RT @CustardComms: Why photographs work on @twitter http://t.co/VDAD3wcz4Y A #selfie, a #foodie snap - images create #socialmedia chatter at‚Ä¶",66,60,1298,1208,1373
39414,"I think it's time I properly embraced #selfie #sundies and posted a pic of my booty. Probably the best‚Ä¶ http://t.co/wsz8fb3vN0",67,67,54,96,2578
39615,"I got chu, girl. Best #selfie in history. ‚Äú@TheEllenShow: If only Bradley's arm was longer. Best photo ever. #oscars http://t.co/HebV0sn6ec‚Äù",68,68,644,1142,1446
37932,"Was so awesome!! üòÑ RT @dashberlin: Hello everybody! üòÉ #selfie #trancefamily #edmfamily #funtimes #b2b #ASOT650AR  http://t.co/3d4OnLGydt",69,69,98589,808,14153
6984,"RT @erikasentz: Celebrity #Selfie Combined Net Worth of Approximately: $1,045,500,000",70,70,1297,1881,25387
38494,"RT @andy_murray: With @djokernole playing at Madison square garden #selfie http://t.co/uiGGimu5XS",71,53,118,320,2613
39346,"Good morning lets have a great day. #selfie #cuteasfuck #mixbreed #filipino #chamorro #africanamerican‚Ä¶ http://t.co/fo6TGTIptN",72,72,273,598,7315
37957,"@ZaZoobi @TheChainsmokers Well that;s on #SelfieSaturday. That's a whole other topic.",73,37,117593,329,5121
37937,"#selfie http://t.co/FojtdM5Azj",74,10,364856,352,8064
37935,"WE ARE NOT JUST THE PEOPLE IN THE #SELFIE VIDEO. We're more than that guys goshhhh lol",75,75,28618,321,8353
37939," @aanaastaasiaa_t: #tbt with my #mcm @whoszed sorry bri for the crop üòâ #real #notfake #selfieswithhooks http://t.co/EK65bnQjKF lol",76,76,166432,463,7813
20800,"I like beer... Infected mushroom beer #alexxadam #selfie #DinoNuggetGang #edm #housemusic #bigroom‚Ä¶ http://t.co/FXbX6OrBUa",77,0,489,1145,1325
3718,"RT @justinbieber: Check out @dankanter‚Äôs #selfie on @shots http://t.co/69ao0FLHDa http://t.co/lbu6knTpZt",78,78,604,696,764
39649,"Blondes have more funnüòúüòâ‚úåÔ∏è#selfie #justme #blondie #blondehairdontcare #teamtatted #piccollage #kisses‚Ä¶ http://t.co/msSzlTi1Zp",79,79,162,144,8936
38758,"#selfie #70shair #oppsbloodoncurtain #style #loveuestherku http://t.co/0R3KWvyGzT",80,26,190,201,6261
6716,"#selfie just came on at work and I couldn't contain myself üíÉ @hockeyboy876",81,10,173,183,3968
39011,"#selfie http://t.co/d8cE5SBCeu",82,82,568,406,8047
8248,"Currently listening to the  Selfie Song ... It's... Um.. Interesting. Time for bed ‚úåÔ∏èüò¥ #selfiesong",83,10,187,55,630
6497,"RT @steveaoki: Let me take a #selfie! Houston brought their A-Game tonight! https://t.co/DCujb2YWfG",84,84,39,103,2079
12145,"Family time! @krisgod1 @motdieze #hapiness #selfie #cousin #bro #lille http://t.co/9nnWxFl4z7",85,85,8784,156,1996
37925,"#Super #selfie http://t.co/yKfGLWJYQ3",86,7,3671,304,4014
37916,"RT @chinoherrera98: #selfie with @MikaelWeermets http://t.co/tNvwVC9biH",87,87,20144,341,17909
441,"Some people love them &amp; some people hate them. #selfie lovers, what is it that you're #addicted to? We're Pulsing on it now! #selfiequeen",88,60,1003,1918,2976
37860,"RT @LaurenBohn: Adroit selfie skills on display at AKP rally in Istanbul (If only she could tweet it) #SelfieOlympics #Turkey http://t.co/o‚Ä¶",89,89,9009,835,23818
37948,"RT @revilopark: At @inthemix dinner &amp; @jason_bentley ripped my heart out saying  No, Oliver, I've not heard #SELFIE  @TheChainsmokers in an‚Ä¶",90,7,27961,192,3184
37895,"RT @garethemery: #selfie with TRANCE legend @djcarnage and @DVBBS whilst @nervomusic rock it at Ushuaia! #TranceFamily #TrapFamily http://t‚Ä¶",91,10,137392,1463,73784
37917,"RT @francofaranda26: @YELLOWCLAW #selfie http://t.co/ez9J0kT87N",92,92,49157,513,12470
37824,"RT @Heineken: Ruud's making the #SelfiewithSkill look easy. #ShareTheSofa #rmabvb #ucl https://t.co/feq0SeVsH7",93,10,5504266,492,17718
39149,"#SELFIE (Official Music Video) - The Chainsmokers http://t.co/hTRPylJSte",94,10,65,389,771
38277,"but first let #me take a #selfie lookin boy... http://t.co/ijlWPsPXmp",95,95,19306,18281,4590
38395,"Obligatory @thechainsmokers #selfie! #teamkittykoalition teamkittykoalition #gogo #gogodancers‚Ä¶ http://t.co/iO5fErcWUg",96,96,802,1871,3152
39310,"I was gonna do touristy shit, but first let me take a selfie with @ladygaga @baby_alley #selfie #ladygaga http://t.co/DcVwH9w454",97,97,109,180,4034
38508,"#selfiesunday http://t.co/rd0bmHCL0T",98,98,2336,1486,8300
37913,"Haha üòé RT @drearivera: #SELFIE moment with @djalvaro last night in LA! http://t.co/cF90tHbFcZ",99,99,84433,323,18073
4576,"It's #selfieTuesday right? http://t.co/frlNQjEkwW",100,100,172,317,12928
39094,"RT @HuffPostTech: But first, let me take a #selfie http://t.co/NwuF58niW4",101,10,423,1996,1048
39526,"Photo: Day 2 ready¬†! Sun soakingüåµüíÉ #ootd #coachella #unif #streetstyle #selfie (at Coachella Music &amp; Arts... http://t.co/zOtgtbldCa",102,102,147,128,10594
38917,"Super #Selfie yacht party nite! http://t.co/hyfLXUnFKI",103,103,374,655,2725
2455,"#SELFIE http://t.co/b38jRPTyQs",104,10,56,154,92
1,"Don't forget to take your #selfie tonight at @CreateNightclub with the @TheChainsmokers! Tix: http://t.co/aMQ9JOLo3O http://t.co/RpeWzMNO8y",105,1,168056,7902,7081
37897,"@dances cameras ready prepare 2 #selfie",106,106,20563,1727,49191
4098,"RT @spurs: Can't wait to thank our Spurs Family at Fan Appreciation Night. RT if you're excited for playoffs! #SpursFAN #selfie http://t.co‚Ä¶",107,107,356,332,8684
38393,"Joey fucking diaz!!! @madflavor #UFConFOX11 #orlando #selfie #funniestmotherfuckerever #catsandcocaine http://t.co/D2FsdBI32U",108,108,220,329,1968
37806,"RT @UNICEF_Lebanon: During the Janana Spring Mobile Festival,supported by @UNICEF,a girl with disability takes a #selfie. #Thisisability ht‚Ä¶",109,109,3017628,25119,13558
37886,"@That_Whiteboy but first let me take a #selfie ;) we have giveaways almost daily on our Facebook page. Suburbia giveaway going on right NOW!",110,110,196793,29191,21094
4807,"RT @MartinGarrix: WOOOHOOOO thank guys so much @slamfm that was fucking insane!! crazy energy!! #feestjuh #selfie http://t.co/kfwGbxmGXv",111,111,30,194,7
39584,"@Wharton faculty take a #selfie celebrating #1 ranking #WhartonGrad http://t.co/2tnvsSxAvn",112,112,7699,2739,5212
38488,"Crooked face, crooked selfie. üòùüòèüôé #selfiemonday #isthatevenathing #malikmonday #crookedsmile‚Ä¶ http://t.co/LAxKVOhbk0",113,113,134,229,5463
37931,"420 Fest Weed Nip Selfie #blameitonohdagyo #werenotthatdrunk #selfie #pasties #weedpasties #420‚Ä¶ http://t.co/LaR0DZ5HBA",114,114,4097,471,23445
38287,"Selfie of the year!!! #selfie #Selfiemates http://t.co/Z3JEKbQ1CS",115,115,761,1953,4282
10367,"La raja! &lt;3 #quepostermasproductivo #selfiesxmil #casinoapa√±ador http://t.co/7fDqiCTFle",116,116,39,177,105
38539,"RT @HELL_HUESOS: ¬øSaben quien no se va poder tomar una #Selfie con su mam√°? ¬°EXACTO! http://t.co/6YXFZ3CWHS",117,117,356,506,21710
2584,"#selfie with @jaclaurita she was amazing and so nice! @CandidCandace @Watch312 #rescueourangels http://t.co/nqQAE8CWPq",118,10,114,198,482
12921,"#selfieeeee ;) http://t.co/u60ovKf8IM",119,119,190,1442,764
39287,"Floppy hats!! Hawaii reunion with my girl mkly 15 yrs strong ‚ô•‚ô• #fancy #fashion #selfie #puns #alumni http://t.co/yZW6KM4EN8",120,1,452,523,3038
37718,"RT @mikkelsvane: From the NYSE bell ringing podium. #selfie #selfiestick cc @RoystonTay http://t.co/0IrbEUEGwR",121,121,29402,2095,2116
39442,"Going ham w @JenSelter @StephSelter #selfie http://t.co/qv4ILFylYI",122,122,1084,1386,4302
37796,"RT @OfficialEl92: Se lo fai tu.....@KAKA üòú #selfie #CasaMilan #weareacmilan üî¥‚ö´Ô∏è @acmilan http://t.co/V71KXDrlcw",123,10,2142756,42,29663
39141,"RT @GeorgieLeahy: How dare you #photobomb my #selfie @_TerribleFolly http://t.co/spzhWC5Iyl",124,7,748,1999,3311
39531,"Finding Saturday night selfies üôà #selfie #TheMorningAfter http://t.co/BdG6GcSCZC",125,125,443,1792,1813
38812,"selfies with the little ones.  #uganda #kampala #kids #selfie #africa #camera #photo #happy #adventure http://t.co/6xmu6PhjxF",126,126,239,115,4883
4170,"En route to the booboo's graduation but first lemme take a selfie #selfieswithbean #hideyokids‚Ä¶ http://t.co/KDmIlsTM5Z",127,10,117,194,6078
39211,"RT @RuPaul: If U can‚Äôt love your #selfie, how in da hell U gonna love somebody elsie http://t.co/3u1VKIoft9",128,53,576,988,7043
39252,"Lawl RT @knifepartyinc: Here's what really happened... #SELFIE https://t.co/eLqymWUEVi",129,10,157,315,7027
39763,"Photo: Story of my life üò© lmao #barbie #selfie #triedit http://t.co/pYWV5IqtC9",130,130,296,693,9930
38608,"But first, let me take a selfie #Selfies #Selfie #Cinema #Manchester http://t.co/w5K7UVDHo5",131,131,194,357,4325
11444,"Dagens promenad och selfie. Varmt och tur att jag hade med mig extra vatten i min Camelbak. #selfie #camelbak #st... http://t.co/wUkXfuj7Gb",132,132,502,196,10549
38114,"Wait #letmetakea #selfie #shore #mommytime http://t.co/5CcxHEVcss",133,133,286,638,1174
39031,"RT @Rawkixx: @VMODA @valkolton it‚Äôs no #SELFIE ‚Ä¶ But check out @HARDWELL signing my custom shield! #LIVEINVMODA #BIGFAN http://t.co/bb7pKKo‚Ä¶",134,134,9738,620,2399
39677,"Even the King of Dirty Dutch has time to take a #selfie @sexylites @etbloom #marquee #vegas‚Ä¶ http://t.co/5ul8covFJF",135,135,250,239,465
38945,"RT @twixrho9: But first... shut the Fuck up haha #selfie botnek remix goes haha",136,10,163,566,4206
37803,"Œ§Œ±œáœÑœÉŒØŒ¥Œ∑œÇ,ŒöŒªŒ¨ŒøœÖœÇ,ŒöŒøŒΩŒ≠,ŒöŒ±œÅŒΩŒ≠Œ∂Œ∑œÇ,Œ£Œ±ŒºŒ±œÅŒ¨œÇ&amp;...ŒµœÉœç!ŒíŒ≥Œ¨ŒªŒµ #selfie &amp; ŒºœÄŒµœÇ œÉœÑŒ∑ŒΩ Œ∫ŒªŒÆœÅœâœÉŒ∑ Œ≥ŒπŒ± ŒµœÄŒØœÉŒ∑ŒºŒµœÇ ŒµŒºœÜŒ±ŒΩŒØœÉŒµŒπœÇ œÑŒ∑œÇ ŒïŒ∏ŒΩŒπŒ∫ŒÆœÇ!http://t.co/HjR4YD0H35",137,137,5986,3639,2670
39331,"Just taking #selfies from the crowd perspective during @david_anthony91 set! http://t.co/kjwtILdmNN",138,138,2355,1398,9429
39219,"RT @conlinmccabe: The VTC men at the centre of the universe #selfie last ride in Vic! http://t.co/qI8qN9wPlg",139,139,629,322,809
38923,"Mom's a little late on the bandwagon. She just asked to take her first #selfie with me. I guess that makes it a #selfwe.",140,140,432,575,3824
39633,"#selfiesunday I want this hair again. Fuck I was hot! http://t.co/Vx28IwXRPz",141,141,128,109,3800
37795,"RT @EdDzeko: Off to Rio üòé #selfie #bosnia #nationalteam #brasil #WorldCup2014 http://t.co/dt7ng1zFFx",142,142,1926641,57213,57829
39332,"Does anyone else use snapchat as a portable mirror? #SelfieSunday",143,143,254,256,3982
37923,"RT @dimmakrecs: The #SELFIE remixes are now available!  @botnek @CVKEDUP @Will__Sparks @thechainsmokers  http://t.co/N5m5oZDcCb  #GOFUCKYOU‚Ä¶",144,144,35947,191,2134
37989,"RT @SusanSarandon: Inventors of the #selfie at it again. #ThelmaAndLouise http://t.co/1yvbF8j4fF",145,110,659388,635,9765
39845,"Break em off with a #selfie right quick... http://t.co/Uh7lfgfxBx",146,146,400,282,8993
2370,"@SEBTSB it would be cool if you followed meüòãüòò http://t.co/dDqA8WqVi2 #selfie",147,147,207,446,1726
39375,"Just out here driving this boat. #SelfieSunday http://t.co/lAcBAYV0mN",148,148,668,293,7180
4526,"Shellfie! Had a lot of smiles with this one on FB! :D #Selfie http://t.co/zveQ2NtRGj",149,10,2940,3235,6690
38404,"#selfie http://t.co/toR6Jxgz2X",150,150,346,433,2457
7909,"RT @lin_stitzer: #selfie http://t.co/XHVt3MBxxt",151,10,950,687,31475
38627,"RT @SusanSarandon: Inventors of the #selfie at it again. #ThelmaAndLouise http://t.co/1yvbF8j4fF",152,10,170,124,6668
1564,"RT @TheMattEspinosa: What's life without a few chins?  http://t.co/EiH5oOFQXz #selfie",153,10,65,127,1246
39579,"I was about to take a selfie and realize my eyebrows look a little tore up. #nottakingaselfie #noselfie #selfie #toreup",154,154,160,225,6835
27787,"@TrapStyleBass Yeah I'd say its pretty good for a #selfie :3",155,155,303,822,2054
5203,"RT @ShutYoDumbAssUp: Mfs These Days More Worried Bout A Selfie Then They Mfin Life üòÇüòÇ‚úã Smh #selfie http://t.co/JGe4WccC87",156,156,1807,1190,22504
2781,"#ŸÑÿ£ŸÜŸáÿß_ÿ®ŸÜÿ™ #selfie http://t.co/D2huKcNsCi",157,10,275,1082,1308
39315,"Me &amp; the #cosmicmeadow #EDCLV #selfie #kaskade #vegas http://t.co/VAWruxKnt3",158,158,201,371,12111
37891,"Layers drying, taking a moment for a night-painting #selfie. #respirator #goggles #flashlight‚Ä¶ http://t.co/kqaQa84Xw5",159,159,222,489,406
4567,"RT @justinbieber: With the boys @FloydMayweather @Tyrese @jmanziel2 http://t.co/m8Xdj8Qu9S #selfie",160,10,11984,12928,907
39745,"#selfie http://t.co/oPWvNcifEO",161,161,1286,1992,4913
10735,"Jak ich nie lubiƒá? #selfie #gliwice  #friends #szynkNaWinklu  #party #beer http://t.co/9f8UzXzN0N",162,10,18,124,170
39479,"Check out @thechainsmokers when they come to Santa Cruz and San Luis Obispo!   #selfie  #chainsmokers‚Ä¶ http://t.co/TDwNuPN6Gi",163,10,216,689,10351
38052,"The Chainsmokers - #SELFIE (Kurth &amp; Samme VS Botnek Remix) Second Drop üëåüí¶ https://t.co/VqmyoDELYP",164,10,131770,14250,772
7337,"The Chainsmokers - #SELFIE (Kurth &amp; Samme VS Botnek Remix) Second Drop #ILoveSickDrops #EDM #Drops #Rave #E... https://t.co/NW6hmD0K3j",165,10,45,123,14
11364,"How to trick your friends to be in your vine video.. #selfieee #funnyshit #lolvine https://t.co/LHdIJepFGW",166,166,430,2000,605
7268,"#Selfie Edit. #FREEDOWNLOAD  https://t.co/vUGrT8kbDs  #Plur #Plurnt #Plurwarriors #EDCLV #EDMBANGER #CHAINSMOKERS #BOTNEK",167,7,44,171,42
38628,"Me and #LP // July 4, 2014 üá∫üá∏ #selfie #bubbles #family #fun #FiestaOnTheFourth @mady446 @reginasaake‚Ä¶ http://t.co/naHaiTogNu",168,31,651,940,4461
6669,"RT @JB17Official: Semifinals üòé‚úåÔ∏è#team #selfie #dfbteam #FRAGER http://t.co/AmppQgH1j4",169,169,500,1609,147
38442,"#SerpentPhoenixBare ... #BlackAndWhite #GreyScale #Selfie #SelfPortrait #2014 #Shadow #S3 #picsart‚Ä¶ http://t.co/XB2SV5Pw8a",170,170,575,1495,10991
3233,"RT @ZeeCafe: Sheldon Coopers' #Wimbledon2014 #selfie with @geniebouchard! http://t.co/I9ZC92aHBa",171,10,237,987,987
5754,"RT @JB17Official: Finallllleeeeee!!! #Team #Selfie #Final #WorldCup2014 #ProudOfMyTeam #JB17 #BRAGER http://t.co/j773XmjMwU",172,172,909,247,7299
39689,"RT @kobebryant: Game time #MessiMamba #turkishairlines #selfiewar",173,173,271,359,6473
37990,"#ThrowbackThursday one of our very first press photos. Pre-curser to the #selfie LoL http://t.co/r8gxZyb0Is",174,1,28432,5660,4837
39299,"#interns #photobombing #marketing #makelifemorefun #shindigz #selfie http://t.co/nfRECG1v6g http://t.co/7bBkg1Jcjm",175,175,22160,14941,13088
37885,"RT @KylieJenner: Just posted a #selfie on @shots http://t.co/KWuQKkCaSk http://t.co/CB0jxLFmmT",176,176,185,99,9513
39040,"#selfie #selfiedaily #thisishappening #party #mark http://t.co/RS23TY0HEc",177,7,683,953,22827
38702,"Thanks Vedett #promostunt #selfieonabottle #vedett #ipa #pelotondeparis http://t.co/sezJCtkimH",178,178,256,742,1631
38171,"London Selfie! ;) #bigben #london #selfie #werq http://t.co/oc5YURF4Ic",179,31,12112,166,7619
38137,"#selfiecaturday http://t.co/80iwVheOSo",180,10,1485,1030,4790
8673,"RT @pipsaleena: M√§ just nyt. Festarit onnistuneesti ohi, lysti√§ oli #selfie #kiitosjaanteeks http://t.co/EyOk6wIMEl",181,181,235,479,2487
3076,"RT @AlexMTU101: #Selfie @camerondallas ‚úåÔ∏èüì∑ http://t.co/1ZTRmowFdX",182,10,511,971,639
5623,"I could not miss this #selfie opportunity üê∂ #bonedogs #hendrixthehoodrat http://t.co/C9gbBnIesz",183,10,20,73,41
253,"So first picture on twitter I guess? #selfie #losertweet http://t.co/ZufKHsoeaw",184,10,111,253,218
38007,"#kisses #selfie #myothertwoareasleep http://t.co/JLyIjSoccd",185,1,573,983,2761
2569,"RT @justinbieber: .@imforbieber smile is right  http://t.co/6bMxs2YTaI #selfie",186,186,955,1831,6667
10856,"RT @Autotask: Great Partner from Belgium, Marc De Swaef stopped by the Autotask booth for a quick #Selfie at #WPC2014! http://t.co/UFGp18xI‚Ä¶",187,187,124,176,134
37790,"#SeaverSelfie? Have we found the original #ASG #selfie? You have to see this pic of Tom Terrific &amp; Teddy Ballgame &gt;&gt; http://t.co/bEKBkNuKHz",188,188,276866,922,21796
1285,"RT @KylieJenner: it's not her middle finger guys. Fooled you.  http://t.co/S9oa1RL7ot #selfie http://t.co/626cXoRcvf",189,10,32,139,457
38740,"Gettin my tan on. On my balcony lol #balcony #bum #tanning #selfie #summer http://t.co/5SGyF6LkWd",190,31,265,632,6461
37812,"#Selfie con estos peque√±os aficionados de #LaSele http://t.co/0JGF7tgPno",191,10,296391,516,2608
39841,"üç≠üç≠  #selfie #selfiesunday #blackhair #glasses #hematite http://t.co/zvELAn7MaW",192,192,855,264,22350
39162," The Public Profile of An American Girl - Cool Hunting  whoa. #selfiegang http://t.co/6MeTbWu5SX",193,193,339,443,12198
38346,"Kurt Cobain and courtneylove Made the #Selfie Cool Before we Did! #SeattleStyleSelfie http://t.co/IZpO21rmXt",194,194,27510,5829,12758
37899,"If you can pack this many selfies on your phone, we can pack the full 7UP flavor into only 10 calories. #selfie http://t.co/tL4jFmY0d5",195,10,46073,4563,5788
38174,"Embrace Presents Bassjackers w/ Joe Ghost Thursday, Aug 14 at @the_hoxton! TICKETS: http://t.co/DhaxOUs6ir #SELFIE",196,76,6494,512,7201
7448,"FREEDOM!! Videoselfie üòä  #jayhardway #mikehawkins #freedom #outsoon #spinninrecords #selfie http://t.co/LbU5vjIIAH",197,10,13292,304,9753
38000,"üíñRT @MeekaOnstead: #1923 #burbonburlesque #hollymadison #selfie ...seriously love my job! ‚ù§Ô∏èüíº come check out the‚Ä¶ http://t.co/nmg18ulxqW",198,198,1364018,249,28989
38067,"Smileeeeee!!!! üòÅüòÜüòÇüò¨üòÉüòù #bloomingdale #selfie #sjrm http://t.co/OlqPh7O4tL",199,10,63804,264,8674
4132,"‚Äú@ajprovoyeur: Burnnnnn out #selfies üòéüçÅ‚úåÔ∏è http://t.co/iXEnPZZwQ7‚Äùüòçüòöüòõüòçüòöüòõüòçüòöüòõüòçüòöüòõüíú",200,10,416,361,28148
38098,"#selfie #trailer http://t.co/aW6Xq96Ix1",201,7,30933,123,3355
38363,"Lol the iPhone sucks lol .... Cuddling with my boop #deuce #selfie #bulldog #englishbulldog http://t.co/7iQPIpFpAG",202,1,1435,1296,8564
37962,"Post Workout #Selfies -- Guess The Sweaty Stars! http://t.co/IjrRgZomTP",203,1,2745044,892,63253
38085,"Good Monday morning!üòÉ #selfie #dashie http://t.co/qNxDzc9ili",204,204,369946,5134,15154
38836,"#selfie #posing #happy #me #nightout http://t.co/eGa3Au6ULU",205,205,545,1997,5718
5802,"Crap ton of selfies commin at cha!!!! #selfie #braata #busstop #shipoffoolz  #toomanyhashtags #beer‚Ä¶ http://t.co/C0DBDYFa2F",206,206,104,975,80
38376,"@DawnaKRogers for realz tho. Epic #SelfieFail",207,207,641,753,7064
38795,"#selfie for @UDontKnowMe92 in my new Pepper Tank Top. XD http://t.co/wUcyRNHv6H",208,208,239,220,6510
38248,"#letmetakeaselfie#lol#selfietime http://t.co/4mE070w6Ov",209,209,235,957,835
37742,"I just woke up to my mother and her sister yelling  let's take a #selfie  - what is this world coming to?",210,210,496,154,650
14258,"RT @Arsenal: And here's @19SCazorla and @Alex_OxChambo with a #CommunityShield victory #selfie! http://t.co/j2eanNXKj3",211,211,952,1714,3713
38900,"Selfie Sunday. Live from the Skybar 7-11p. Old school jam session. #POW #sundayfunday #selfiesundays‚Ä¶ http://t.co/WiFX5YrUld",212,212,648,481,14481
8114,"RT @levis_punk143: Frenzzship #selfiee  #YNWA :D http://t.co/4NGxRTPpr1",213,10,78,597,6
39485,"RT @VegasBiLL: How to Take a Better Selfie INFOGRAPHIC http://t.co/5Fcr1DRzPw  via @socialmedia2day #Infographic #selfie",214,10,51373,35919,22802
3382,"If u want 2 visit 1 of our HQ's(we have a new one everyday) mail us at hello@makemove.se #sthlmtech #startup #selfie http://t.co/XvnYeQb6h9",215,215,3310,3633,247
38083,"Eating noodles, in hair and make up, taking #selfies = multitasking in #Tokyo Today we're shooting for‚Ä¶ http://t.co/O9Zre322fH",216,10,664951,396,7654
38662,"RT @UnexplainedPicx: #Selfie . http://t.co/kiyKTduBUv",217,217,171,189,13858
39509,"This is my  as good as it's going to get  look &gt;_&lt; #selfie‚Ä¶ http://t.co/EvS3C3jn1g",218,218,122,249,1488
39778,"RT @SIRIUSXM: .@TheChainsmokers are bringing their nice hair to @sxmElectro http://t.co/bF0Q02ZUwl But first, let's take a #SELFIE https://‚Ä¶",219,219,44973,330,5117
